country,gdp_2023_k,gdp_2024_k
USA,76.4,79.5
Germany,52.7,51.300000000000004
Japan,33.8,31.499999999999996
UK,48.9,50.9
France,44.5,45.1
Canada,53.2,55.0
Australia,65.1,67.5
S. Korea,33.1,34.2
Italy,38.4,37.5
Spain,32.6,31.0
Netherlands,56.7,58.800000000000004
Poland,22.0,23.7
Mexico,11.5,11.9
Brazil,9.7,8.899999999999999
Turkey,12.9,10.8
